image_path,label
images/a\a1.jpg,a
images/a\a10.jpg,a
images/a\a11.jpg,a
images/a\a12.jpg,a
images/a\a13.jpg,a
images/a\a14.jpg,a
images/a\a15.jpg,a
images/a\a16.jpg,a
images/a\a17.jpg,a
images/a\a18.jpg,a
images/a\a19.jpg,a
images/a\a2.jpg,a
images/a\a20.jpg,a
images/a\a21.jpg,a
images/a\a22.jpg,a
images/a\a23.jpg,a
images/a\a24.jpg,a
images/a\a25.jpg,a
images/a\a26.jpg,a
images/a\a27.jpg,a
images/a\a28.jpg,a
images/a\a29.jpg,a
images/a\a3.jpg,a
images/a\a30.jpg,a
images/a\a31.jpg,a
images/a\a32.jpg,a
images/a\a33.jpg,a
images/a\a34.jpg,a
images/a\a35.jpg,a
images/a\a36.jpg,a
images/a\a37.jpg,a
images/a\a38.jpg,a
images/a\a39.jpg,a
images/a\a4.jpg,a
images/a\a40.jpg,a
images/a\a41.jpg,a
images/a\a42.jpg,a
images/a\a43.jpg,a
images/a\a44.jpg,a
images/a\a45.jpg,a
images/a\a46.jpg,a
images/a\a47.jpg,a
images/a\a48.jpg,a
images/a\a49.jpg,a
images/a\a5.jpg,a
images/a\a50.jpg,a
images/a\a51.jpg,a
images/a\a52.jpg,a
images/a\a53.jpg,a
images/a\a54.jpg,a
images/a\a55.jpg,a
images/a\a56.jpg,a
images/a\a57.jpg,a
images/a\a58.jpg,a
images/a\a59.jpg,a
images/a\a6.jpg,a
images/a\a60.jpg,a
images/a\a61.jpg,a
images/a\a62.jpg,a
images/a\a63.jpg,a
images/a\a64.jpg,a
images/a\a65.jpg,a
images/a\a66.jpg,a
images/a\a67.jpg,a
images/a\a68.jpg,a
images/a\a69.jpg,a
images/a\a7.jpg,a
images/a\a70.jpg,a
images/a\a8.jpg,a
images/a\a9.jpg,a
images/b\b1.jpg,b
images/b\b10.jpg,b
images/b\b11.jpg,b
images/b\b12.jpg,b
images/b\b13.jpg,b
images/b\b14.jpg,b
images/b\b15.jpg,b
images/b\b16.jpg,b
images/b\b17.jpg,b
images/b\b18.jpg,b
images/b\b19.jpg,b
images/b\b2.jpg,b
images/b\b20.jpg,b
images/b\b21.jpg,b
images/b\b22.jpg,b
images/b\b23.jpg,b
images/b\b24.jpg,b
images/b\b25.jpg,b
images/b\b26.jpg,b
images/b\b27.jpg,b
images/b\b28.jpg,b
images/b\b29.jpg,b
images/b\b3.jpg,b
images/b\b30.jpg,b
images/b\b31.jpg,b
images/b\b32.jpg,b
images/b\b33.jpg,b
images/b\b34.jpg,b
images/b\b35.jpg,b
images/b\b36.jpg,b
images/b\b37.jpg,b
images/b\b38.jpg,b
images/b\b39.jpg,b
images/b\b4.jpg,b
images/b\b40.jpg,b
images/b\b41.jpg,b
images/b\b42.jpg,b
images/b\b43.jpg,b
images/b\b44.jpg,b
images/b\b45.jpg,b
images/b\b46.jpg,b
images/b\b47.jpg,b
images/b\b48.jpg,b
images/b\b49.jpg,b
images/b\b5.jpg,b
images/b\b50.jpg,b
images/b\b51.jpg,b
images/b\b52.jpg,b
images/b\b53.jpg,b
images/b\b54.jpg,b
images/b\b55.jpg,b
images/b\b56.jpg,b
images/b\b57.jpg,b
images/b\b58.jpg,b
images/b\b59.jpg,b
images/b\b6.jpg,b
images/b\b60.jpg,b
images/b\b61.jpg,b
images/b\b62.jpg,b
images/b\b63.jpg,b
images/b\b64.jpg,b
images/b\b65.jpg,b
images/b\b66.jpg,b
images/b\b67.jpg,b
images/b\b68.jpg,b
images/b\b69.jpg,b
images/b\b7.jpg,b
images/b\b70.jpg,b
images/b\b8.jpg,b
images/b\b9.jpg,b
images/c\c1.jpg,c
images/c\c10.jpg,c
images/c\c11.jpg,c
images/c\c12.jpg,c
images/c\c13.jpg,c
images/c\c14.jpg,c
images/c\c15.jpg,c
images/c\c16.jpg,c
images/c\c17.jpg,c
images/c\c18.jpg,c
images/c\c19.jpg,c
images/c\c2.jpg,c
images/c\c20.jpg,c
images/c\c21.jpg,c
images/c\c22.jpg,c
images/c\c23.jpg,c
images/c\c24.jpg,c
images/c\c25.jpg,c
images/c\c26.jpg,c
images/c\c27.jpg,c
images/c\c28.jpg,c
images/c\c29.jpg,c
images/c\c3.jpg,c
images/c\c30.jpg,c
images/c\c31.jpg,c
images/c\c32.jpg,c
images/c\c33.jpg,c
images/c\c34.jpg,c
images/c\c35.jpg,c
images/c\c36.jpg,c
images/c\c37.jpg,c
images/c\c38.jpg,c
images/c\c39.jpg,c
images/c\c4.jpg,c
images/c\c40.jpg,c
images/c\c41.jpg,c
images/c\c42.jpg,c
images/c\c43.jpg,c
images/c\c44.jpg,c
images/c\c45.jpg,c
images/c\c46.jpg,c
images/c\c47.jpg,c
images/c\c48.jpg,c
images/c\c49.jpg,c
images/c\c5.jpg,c
images/c\c50.jpg,c
images/c\c51.jpg,c
images/c\c52.jpg,c
images/c\c53.jpg,c
images/c\c54.jpg,c
images/c\c55.jpg,c
images/c\c56.jpg,c
images/c\c57.jpg,c
images/c\c58.jpg,c
images/c\c59.jpg,c
images/c\c6.jpg,c
images/c\c60.jpg,c
images/c\c61.jpg,c
images/c\c62.jpg,c
images/c\c63.jpg,c
images/c\c64.jpg,c
images/c\c65.jpg,c
images/c\c66.jpg,c
images/c\c67.jpg,c
images/c\c68.jpg,c
images/c\c69.jpg,c
images/c\c7.jpg,c
images/c\c70.jpg,c
images/c\c8.jpg,c
images/c\c9.jpg,c
images/d\d1.jpg,d
images/d\d10.jpg,d
images/d\d11.jpg,d
images/d\d12.jpg,d
images/d\d13.jpg,d
images/d\d14.jpg,d
images/d\d15.jpg,d
images/d\d16.jpg,d
images/d\d17.jpg,d
images/d\d18.jpg,d
images/d\d19.jpg,d
images/d\d2.jpg,d
images/d\d20.jpg,d
images/d\d21.jpg,d
images/d\d22.jpg,d
images/d\d23.jpg,d
images/d\d24.jpg,d
images/d\d25.jpg,d
images/d\d26.jpg,d
images/d\d27.jpg,d
images/d\d28.jpg,d
images/d\d29.jpg,d
images/d\d3.jpg,d
images/d\d30.jpg,d
images/d\d31.jpg,d
images/d\d32.jpg,d
images/d\d33.jpg,d
images/d\d34.jpg,d
images/d\d35.jpg,d
images/d\d36.jpg,d
images/d\d37.jpg,d
images/d\d38.jpg,d
images/d\d39.jpg,d
images/d\d4.jpg,d
images/d\d40.jpg,d
images/d\d41.jpg,d
images/d\d42.jpg,d
images/d\d43.jpg,d
images/d\d44.jpg,d
images/d\d45.jpg,d
images/d\d46.jpg,d
images/d\d47.jpg,d
images/d\d48.jpg,d
images/d\d49.jpg,d
images/d\d5.jpg,d
images/d\d50.jpg,d
images/d\d51.jpg,d
images/d\d52.jpg,d
images/d\d53.jpg,d
images/d\d54.jpg,d
images/d\d55.jpg,d
images/d\d56.jpg,d
images/d\d57.jpg,d
images/d\d58.jpg,d
images/d\d59.jpg,d
images/d\d6.jpg,d
images/d\d60.jpg,d
images/d\d61.jpg,d
images/d\d62.jpg,d
images/d\d63.jpg,d
images/d\d64.jpg,d
images/d\d65.jpg,d
images/d\d66.jpg,d
images/d\d67.jpg,d
images/d\d68.jpg,d
images/d\d69.jpg,d
images/d\d7.jpg,d
images/d\d70.jpg,d
images/d\d8.jpg,d
images/d\d9.jpg,d
images/e\e1.jpg,e
images/e\e10.jpg,e
images/e\e11.jpg,e
images/e\e12.jpg,e
images/e\e13.jpg,e
images/e\e14.jpg,e
images/e\e15.jpg,e
images/e\e16.jpg,e
images/e\e17.jpg,e
images/e\e18.jpg,e
images/e\e19.jpg,e
images/e\e2.jpg,e
images/e\e20.jpg,e
images/e\e21.jpg,e
images/e\e22.jpg,e
images/e\e23.jpg,e
images/e\e24.jpg,e
images/e\e25.jpg,e
images/e\e26.jpg,e
images/e\e27.jpg,e
images/e\e28.jpg,e
images/e\e29.jpg,e
images/e\e3.jpg,e
images/e\e30.jpg,e
images/e\e31.jpg,e
images/e\e32.jpg,e
images/e\e33.jpg,e
images/e\e34.jpg,e
images/e\e35.jpg,e
images/e\e36.jpg,e
images/e\e37.jpg,e
images/e\e38.jpg,e
images/e\e39.jpg,e
images/e\e4.jpg,e
images/e\e40.jpg,e
images/e\e41.jpg,e
images/e\e42.jpg,e
images/e\e43.jpg,e
images/e\e44.jpg,e
images/e\e45.jpg,e
images/e\e46.jpg,e
images/e\e47.jpg,e
images/e\e48.jpg,e
images/e\e49.jpg,e
images/e\e5.jpg,e
images/e\e50.jpg,e
images/e\e51.jpg,e
images/e\e52.jpg,e
images/e\e53.jpg,e
images/e\e54.jpg,e
images/e\e55.jpg,e
images/e\e56.jpg,e
images/e\e57.jpg,e
images/e\e58.jpg,e
images/e\e59.jpg,e
images/e\e6.jpg,e
images/e\e60.jpg,e
images/e\e61.jpg,e
images/e\e62.jpg,e
images/e\e63.jpg,e
images/e\e64.jpg,e
images/e\e65.jpg,e
images/e\e66.jpg,e
images/e\e67.jpg,e
images/e\e68.jpg,e
images/e\e69.jpg,e
images/e\e7.jpg,e
images/e\e70.jpg,e
images/e\e8.jpg,e
images/e\e9.jpg,e
images/f\f1.jpg,f
images/f\f10.jpg,f
images/f\f11.jpg,f
images/f\f12.jpg,f
images/f\f13.jpg,f
images/f\f14.jpg,f
images/f\f15.jpg,f
images/f\f16.jpg,f
images/f\f17.jpg,f
images/f\f18.jpg,f
images/f\f19.jpg,f
images/f\f2.jpg,f
images/f\f20.jpg,f
images/f\f21.jpg,f
images/f\f22.jpg,f
images/f\f23.jpg,f
images/f\f24.jpg,f
images/f\f25.jpg,f
images/f\f26.jpg,f
images/f\f27.jpg,f
images/f\f28.jpg,f
images/f\f29.jpg,f
images/f\f3.jpg,f
images/f\f30.jpg,f
images/f\f31.jpg,f
images/f\f32.jpg,f
images/f\f33.jpg,f
images/f\f34.jpg,f
images/f\f35.jpg,f
images/f\f36.jpg,f
images/f\f37.jpg,f
images/f\f38.jpg,f
images/f\f39.jpg,f
images/f\f4.jpg,f
images/f\f40.jpg,f
images/f\f41.jpg,f
images/f\f42.jpg,f
images/f\f43.jpg,f
images/f\f44.jpg,f
images/f\f45.jpg,f
images/f\f46.jpg,f
images/f\f47.jpg,f
images/f\f48.jpg,f
images/f\f49.jpg,f
images/f\f5.jpg,f
images/f\f50.jpg,f
images/f\f51.jpg,f
images/f\f52.jpg,f
images/f\f53.jpg,f
images/f\f54.jpg,f
images/f\f55.jpg,f
images/f\f56.jpg,f
images/f\f57.jpg,f
images/f\f58.jpg,f
images/f\f59.jpg,f
images/f\f6.jpg,f
images/f\f60.jpg,f
images/f\f61.jpg,f
images/f\f62.jpg,f
images/f\f63.jpg,f
images/f\f64.jpg,f
images/f\f65.jpg,f
images/f\f66.jpg,f
images/f\f67.jpg,f
images/f\f68.jpg,f
images/f\f69.jpg,f
images/f\f7.jpg,f
images/f\f70.jpg,f
images/f\f8.jpg,f
images/f\f9.jpg,f
images/g\g1.jpg,g
images/g\g10.jpg,g
images/g\g11.jpg,g
images/g\g12.jpg,g
images/g\g13.jpg,g
images/g\g14.jpg,g
images/g\g15.jpg,g
images/g\g16.jpg,g
images/g\g17.jpg,g
images/g\g18.jpg,g
images/g\g19.jpg,g
images/g\g2.jpg,g
images/g\g20.jpg,g
images/g\g21.jpg,g
images/g\g22.jpg,g
images/g\g23.jpg,g
images/g\g24.jpg,g
images/g\g25.jpg,g
images/g\g26.jpg,g
images/g\g27.jpg,g
images/g\g28.jpg,g
images/g\g29.jpg,g
images/g\g3.jpg,g
images/g\g30.jpg,g
images/g\g31.jpg,g
images/g\g32.jpg,g
images/g\g33.jpg,g
images/g\g34.jpg,g
images/g\g35.jpg,g
images/g\g36.jpg,g
images/g\g37.jpg,g
images/g\g38.jpg,g
images/g\g39.jpg,g
images/g\g4.jpg,g
images/g\g40.jpg,g
images/g\g41.jpg,g
images/g\g42.jpg,g
images/g\g43.jpg,g
images/g\g44.jpg,g
images/g\g45.jpg,g
images/g\g46.jpg,g
images/g\g47.jpg,g
images/g\g48.jpg,g
images/g\g49.jpg,g
images/g\g5.jpg,g
images/g\g50.jpg,g
images/g\g51.jpg,g
images/g\g52.jpg,g
images/g\g53.jpg,g
images/g\g54.jpg,g
images/g\g55.jpg,g
images/g\g56.jpg,g
images/g\g57.jpg,g
images/g\g58.jpg,g
images/g\g59.jpg,g
images/g\g6.jpg,g
images/g\g60.jpg,g
images/g\g61.jpg,g
images/g\g62.jpg,g
images/g\g63.jpg,g
images/g\g64.jpg,g
images/g\g65.jpg,g
images/g\g66.jpg,g
images/g\g67.jpg,g
images/g\g68.jpg,g
images/g\g69.jpg,g
images/g\g7.jpg,g
images/g\g70.jpg,g
images/g\g8.jpg,g
images/g\g9.jpg,g
images/h\h1.jpg,h
images/h\h10.jpg,h
images/h\h11.jpg,h
images/h\h12.jpg,h
images/h\h13.jpg,h
images/h\h14.jpg,h
images/h\h15.jpg,h
images/h\h16.jpg,h
images/h\h17.jpg,h
images/h\h18.jpg,h
images/h\h19.jpg,h
images/h\h2.jpg,h
images/h\h20.jpg,h
images/h\h21.jpg,h
images/h\h22.jpg,h
images/h\h23.jpg,h
images/h\h24.jpg,h
images/h\h25.jpg,h
images/h\h26.jpg,h
images/h\h27.jpg,h
images/h\h28.jpg,h
images/h\h29.jpg,h
images/h\h3.jpg,h
images/h\h30.jpg,h
images/h\h31.jpg,h
images/h\h32.jpg,h
images/h\h33.jpg,h
images/h\h34.jpg,h
images/h\h35.jpg,h
images/h\h36.jpg,h
images/h\h37.jpg,h
images/h\h38.jpg,h
images/h\h39.jpg,h
images/h\h4.jpg,h
images/h\h40.jpg,h
images/h\h41.jpg,h
images/h\h42.jpg,h
images/h\h43.jpg,h
images/h\h44.jpg,h
images/h\h45.jpg,h
images/h\h46.jpg,h
images/h\h47.jpg,h
images/h\h48.jpg,h
images/h\h49.jpg,h
images/h\h5.jpg,h
images/h\h50.jpg,h
images/h\h51.jpg,h
images/h\h52.jpg,h
images/h\h53.jpg,h
images/h\h54.jpg,h
images/h\h55.jpg,h
images/h\h56.jpg,h
images/h\h57.jpg,h
images/h\h58.jpg,h
images/h\h59.jpg,h
images/h\h6.jpg,h
images/h\h60.jpg,h
images/h\h61.jpg,h
images/h\h62.jpg,h
images/h\h63.jpg,h
images/h\h64.jpg,h
images/h\h65.jpg,h
images/h\h66.jpg,h
images/h\h67.jpg,h
images/h\h68.jpg,h
images/h\h69.jpg,h
images/h\h7.jpg,h
images/h\h70.jpg,h
images/h\h8.jpg,h
images/h\h9.jpg,h
images/i\i1.jpg,i
images/i\i10.jpg,i
images/i\i11.jpg,i
images/i\i12.jpg,i
images/i\i13.jpg,i
images/i\i14.jpg,i
images/i\i15.jpg,i
images/i\i16.jpg,i
images/i\i17.jpg,i
images/i\i18.jpg,i
images/i\i19.jpg,i
images/i\i2.jpg,i
images/i\i20.jpg,i
images/i\i21.jpg,i
images/i\i22.jpg,i
images/i\i23.jpg,i
images/i\i24.jpg,i
images/i\i25.jpg,i
images/i\i26.jpg,i
images/i\i27.jpg,i
images/i\i28.jpg,i
images/i\i29.jpg,i
images/i\i3.jpg,i
images/i\i30.jpg,i
images/i\i31.jpg,i
images/i\i32.jpg,i
images/i\i33.jpg,i
images/i\i34.jpg,i
images/i\i35.jpg,i
images/i\i36.jpg,i
images/i\i37.jpg,i
images/i\i38.jpg,i
images/i\i39.jpg,i
images/i\i4.jpg,i
images/i\i40.jpg,i
images/i\i41.jpg,i
images/i\i42.jpg,i
images/i\i43.jpg,i
images/i\i44.jpg,i
images/i\i45.jpg,i
images/i\i46.jpg,i
images/i\i47.jpg,i
images/i\i48.jpg,i
images/i\i49.jpg,i
images/i\i5.jpg,i
images/i\i50.jpg,i
images/i\i51.jpg,i
images/i\i52.jpg,i
images/i\i53.jpg,i
images/i\i54.jpg,i
images/i\i55.jpg,i
images/i\i56.jpg,i
images/i\i57.jpg,i
images/i\i58.jpg,i
images/i\i59.jpg,i
images/i\i6.jpg,i
images/i\i60.jpg,i
images/i\i61.jpg,i
images/i\i62.jpg,i
images/i\i63.jpg,i
images/i\i64.jpg,i
images/i\i65.jpg,i
images/i\i66.jpg,i
images/i\i67.jpg,i
images/i\i68.jpg,i
images/i\i69.jpg,i
images/i\i7.jpg,i
images/i\i70.jpg,i
images/i\i8.jpg,i
images/i\i9.jpg,i
images/k\j1.jpg,k
images/k\j10.jpg,k
images/k\j11.jpg,k
images/k\j12.jpg,k
images/k\j13.jpg,k
images/k\j14.jpg,k
images/k\j15.jpg,k
images/k\j16.jpg,k
images/k\j17.jpg,k
images/k\j18.jpg,k
images/k\j19.jpg,k
images/k\j2.jpg,k
images/k\j20.jpg,k
images/k\j21.jpg,k
images/k\j22.jpg,k
images/k\j23.jpg,k
images/k\j24.jpg,k
images/k\j25.jpg,k
images/k\j26.jpg,k
images/k\j27.jpg,k
images/k\j28.jpg,k
images/k\j29.jpg,k
images/k\j3.jpg,k
images/k\j30.jpg,k
images/k\j31.jpg,k
images/k\j32.jpg,k
images/k\j33.jpg,k
images/k\j34.jpg,k
images/k\j35.jpg,k
images/k\j36.jpg,k
images/k\j37.jpg,k
images/k\j38.jpg,k
images/k\j39.jpg,k
images/k\j4.jpg,k
images/k\j40.jpg,k
images/k\j41.jpg,k
images/k\j42.jpg,k
images/k\j43.jpg,k
images/k\j44.jpg,k
images/k\j45.jpg,k
images/k\j46.jpg,k
images/k\j47.jpg,k
images/k\j48.jpg,k
images/k\j49.jpg,k
images/k\j5.jpg,k
images/k\j50.jpg,k
images/k\j51.jpg,k
images/k\j52.jpg,k
images/k\j53.jpg,k
images/k\j54.jpg,k
images/k\j55.jpg,k
images/k\j56.jpg,k
images/k\j57.jpg,k
images/k\j58.jpg,k
images/k\j59.jpg,k
images/k\j6.jpg,k
images/k\j60.jpg,k
images/k\j61.jpg,k
images/k\j62.jpg,k
images/k\j63.jpg,k
images/k\j64.jpg,k
images/k\j65.jpg,k
images/k\j66.jpg,k
images/k\j67.jpg,k
images/k\j68.jpg,k
images/k\j69.jpg,k
images/k\j7.jpg,k
images/k\j70.jpg,k
images/k\j8.jpg,k
images/k\j9.jpg,k
images/l\k1.jpg,l
images/l\k10.jpg,l
images/l\k11.jpg,l
images/l\k12.jpg,l
images/l\k13.jpg,l
images/l\k14.jpg,l
images/l\k15.jpg,l
images/l\k16.jpg,l
images/l\k17.jpg,l
images/l\k18.jpg,l
images/l\k19.jpg,l
images/l\k2.jpg,l
images/l\k20.jpg,l
images/l\k21.jpg,l
images/l\k22.jpg,l
images/l\k23.jpg,l
images/l\k24.jpg,l
images/l\k25.jpg,l
images/l\k26.jpg,l
images/l\k27.jpg,l
images/l\k28.jpg,l
images/l\k29.jpg,l
images/l\k3.jpg,l
images/l\k30.jpg,l
images/l\k31.jpg,l
images/l\k32.jpg,l
images/l\k33.jpg,l
images/l\k34.jpg,l
images/l\k35.jpg,l
images/l\k36.jpg,l
images/l\k37.jpg,l
images/l\k38.jpg,l
images/l\k39.jpg,l
images/l\k4.jpg,l
images/l\k40.jpg,l
images/l\k41.jpg,l
images/l\k42.jpg,l
images/l\k43.jpg,l
images/l\k44.jpg,l
images/l\k45.jpg,l
images/l\k46.jpg,l
images/l\k47.jpg,l
images/l\k48.jpg,l
images/l\k49.jpg,l
images/l\k5.jpg,l
images/l\k50.jpg,l
images/l\k51.jpg,l
images/l\k52.jpg,l
images/l\k53.jpg,l
images/l\k54.jpg,l
images/l\k55.jpg,l
images/l\k56.jpg,l
images/l\k57.jpg,l
images/l\k58.jpg,l
images/l\k59.jpg,l
images/l\k6.jpg,l
images/l\k60.jpg,l
images/l\k61.jpg,l
images/l\k62.jpg,l
images/l\k63.jpg,l
images/l\k64.jpg,l
images/l\k65.jpg,l
images/l\k66.jpg,l
images/l\k67.jpg,l
images/l\k68.jpg,l
images/l\k69.jpg,l
images/l\k7.jpg,l
images/l\k70.jpg,l
images/l\k8.jpg,l
images/l\k9.jpg,l
images/m\l1.jpg,m
images/m\l10.jpg,m
images/m\l11.jpg,m
images/m\l12.jpg,m
images/m\l13.jpg,m
images/m\l14.jpg,m
images/m\l15.jpg,m
images/m\l16.jpg,m
images/m\l17.jpg,m
images/m\l18.jpg,m
images/m\l19.jpg,m
images/m\l2.jpg,m
images/m\l20.jpg,m
images/m\l21.jpg,m
images/m\l22.jpg,m
images/m\l23.jpg,m
images/m\l24.jpg,m
images/m\l25.jpg,m
images/m\l26.jpg,m
images/m\l27.jpg,m
images/m\l28.jpg,m
images/m\l29.jpg,m
images/m\l3.jpg,m
images/m\l30.jpg,m
images/m\l31.jpg,m
images/m\l32.jpg,m
images/m\l33.jpg,m
images/m\l34.jpg,m
images/m\l35.jpg,m
images/m\l36.jpg,m
images/m\l37.jpg,m
images/m\l38.jpg,m
images/m\l39.jpg,m
images/m\l4.jpg,m
images/m\l40.jpg,m
images/m\l41.jpg,m
images/m\l42.jpg,m
images/m\l43.jpg,m
images/m\l44.jpg,m
images/m\l45.jpg,m
images/m\l46.jpg,m
images/m\l47.jpg,m
images/m\l48.jpg,m
images/m\l49.jpg,m
images/m\l5.jpg,m
images/m\l50.jpg,m
images/m\l51.jpg,m
images/m\l52.jpg,m
images/m\l53.jpg,m
images/m\l54.jpg,m
images/m\l55.jpg,m
images/m\l56.jpg,m
images/m\l57.jpg,m
images/m\l58.jpg,m
images/m\l59.jpg,m
images/m\l6.jpg,m
images/m\l60.jpg,m
images/m\l61.jpg,m
images/m\l62.jpg,m
images/m\l63.jpg,m
images/m\l64.jpg,m
images/m\l65.jpg,m
images/m\l66.jpg,m
images/m\l67.jpg,m
images/m\l68.jpg,m
images/m\l69.jpg,m
images/m\l7.jpg,m
images/m\l70.jpg,m
images/m\l8.jpg,m
images/m\l9.jpg,m
images/n\m1.jpg,n
images/n\m10.jpg,n
images/n\m11.jpg,n
images/n\m12.jpg,n
images/n\m13.jpg,n
images/n\m14.jpg,n
images/n\m15.jpg,n
images/n\m16.jpg,n
images/n\m17.jpg,n
images/n\m18.jpg,n
images/n\m19.jpg,n
images/n\m2.jpg,n
images/n\m20.jpg,n
images/n\m21.jpg,n
images/n\m22.jpg,n
images/n\m23.jpg,n
images/n\m24.jpg,n
images/n\m25.jpg,n
images/n\m26.jpg,n
images/n\m27.jpg,n
images/n\m28.jpg,n
images/n\m29.jpg,n
images/n\m3.jpg,n
images/n\m30.jpg,n
images/n\m31.jpg,n
images/n\m32.jpg,n
images/n\m33.jpg,n
images/n\m34.jpg,n
images/n\m35.jpg,n
images/n\m36.jpg,n
images/n\m37.jpg,n
images/n\m38.jpg,n
images/n\m39.jpg,n
images/n\m4.jpg,n
images/n\m40.jpg,n
images/n\m41.jpg,n
images/n\m42.jpg,n
images/n\m43.jpg,n
images/n\m44.jpg,n
images/n\m45.jpg,n
images/n\m46.jpg,n
images/n\m47.jpg,n
images/n\m48.jpg,n
images/n\m49.jpg,n
images/n\m5.jpg,n
images/n\m50.jpg,n
images/n\m51.jpg,n
images/n\m52.jpg,n
images/n\m53.jpg,n
images/n\m54.jpg,n
images/n\m55.jpg,n
images/n\m56.jpg,n
images/n\m57.jpg,n
images/n\m58.jpg,n
images/n\m59.jpg,n
images/n\m6.jpg,n
images/n\m60.jpg,n
images/n\m61.jpg,n
images/n\m62.jpg,n
images/n\m63.jpg,n
images/n\m64.jpg,n
images/n\m65.jpg,n
images/n\m66.jpg,n
images/n\m67.jpg,n
images/n\m68.jpg,n
images/n\m69.jpg,n
images/n\m7.jpg,n
images/n\m70.jpg,n
images/n\m8.jpg,n
images/n\m9.jpg,n
images/o\n1.jpg,o
images/o\n10.jpg,o
images/o\n11.jpg,o
images/o\n12.jpg,o
images/o\n13.jpg,o
images/o\n14.jpg,o
images/o\n15.jpg,o
images/o\n16.jpg,o
images/o\n17.jpg,o
images/o\n18.jpg,o
images/o\n19.jpg,o
images/o\n2.jpg,o
images/o\n20.jpg,o
images/o\n21.jpg,o
images/o\n22.jpg,o
images/o\n23.jpg,o
images/o\n24.jpg,o
images/o\n25.jpg,o
images/o\n26.jpg,o
images/o\n27.jpg,o
images/o\n28.jpg,o
images/o\n29.jpg,o
images/o\n3.jpg,o
images/o\n30.jpg,o
images/o\n31.jpg,o
images/o\n32.jpg,o
images/o\n33.jpg,o
images/o\n34.jpg,o
images/o\n35.jpg,o
images/o\n36.jpg,o
images/o\n37.jpg,o
images/o\n38.jpg,o
images/o\n39.jpg,o
images/o\n4.jpg,o
images/o\n40.jpg,o
images/o\n41.jpg,o
images/o\n42.jpg,o
images/o\n43.jpg,o
images/o\n44.jpg,o
images/o\n45.jpg,o
images/o\n46.jpg,o
images/o\n47.jpg,o
images/o\n48.jpg,o
images/o\n49.jpg,o
images/o\n5.jpg,o
images/o\n50.jpg,o
images/o\n51.jpg,o
images/o\n52.jpg,o
images/o\n53.jpg,o
images/o\n54.jpg,o
images/o\n55.jpg,o
images/o\n56.jpg,o
images/o\n57.jpg,o
images/o\n58.jpg,o
images/o\n59.jpg,o
images/o\n6.jpg,o
images/o\n60.jpg,o
images/o\n61.jpg,o
images/o\n62.jpg,o
images/o\n63.jpg,o
images/o\n64.jpg,o
images/o\n65.jpg,o
images/o\n66.jpg,o
images/o\n67.jpg,o
images/o\n68.jpg,o
images/o\n69.jpg,o
images/o\n7.jpg,o
images/o\n70.jpg,o
images/o\n8.jpg,o
images/o\n9.jpg,o
images/p\o1.jpg,p
images/p\o10.jpg,p
images/p\o11.jpg,p
images/p\o12.jpg,p
images/p\o13.jpg,p
images/p\o14.jpg,p
images/p\o15.jpg,p
images/p\o16.jpg,p
images/p\o17.jpg,p
images/p\o18.jpg,p
images/p\o19.jpg,p
images/p\o2.jpg,p
images/p\o20.jpg,p
images/p\o21.jpg,p
images/p\o22.jpg,p
images/p\o23.jpg,p
images/p\o24.jpg,p
images/p\o25.jpg,p
images/p\o26.jpg,p
images/p\o27.jpg,p
images/p\o28.jpg,p
images/p\o29.jpg,p
images/p\o3.jpg,p
images/p\o30.jpg,p
images/p\o31.jpg,p
images/p\o32.jpg,p
images/p\o33.jpg,p
images/p\o34.jpg,p
images/p\o35.jpg,p
images/p\o36.jpg,p
images/p\o37.jpg,p
images/p\o38.jpg,p
images/p\o39.jpg,p
images/p\o4.jpg,p
images/p\o40.jpg,p
images/p\o41.jpg,p
images/p\o42.jpg,p
images/p\o43.jpg,p
images/p\o44.jpg,p
images/p\o45.jpg,p
images/p\o46.jpg,p
images/p\o47.jpg,p
images/p\o48.jpg,p
images/p\o49.jpg,p
images/p\o5.jpg,p
images/p\o50.jpg,p
images/p\o51.jpg,p
images/p\o52.jpg,p
images/p\o53.jpg,p
images/p\o54.jpg,p
images/p\o55.jpg,p
images/p\o56.jpg,p
images/p\o57.jpg,p
images/p\o58.jpg,p
images/p\o59.jpg,p
images/p\o6.jpg,p
images/p\o7.jpg,p
images/p\o8.jpg,p
images/p\o9.jpg,p
images/q\p1.jpg,q
images/q\p10.jpg,q
images/q\p11.jpg,q
images/q\p12.jpg,q
images/q\p13.jpg,q
images/q\p14.jpg,q
images/q\p15.jpg,q
images/q\p16.jpg,q
images/q\p17.jpg,q
images/q\p18.jpg,q
images/q\p19.jpg,q
images/q\p2.jpg,q
images/q\p20.jpg,q
images/q\p21.jpg,q
images/q\p22.jpg,q
images/q\p23.jpg,q
images/q\p24.jpg,q
images/q\p25.jpg,q
images/q\p26.jpg,q
images/q\p27.jpg,q
images/q\p28.jpg,q
images/q\p29.jpg,q
images/q\p3.jpg,q
images/q\p30.jpg,q
images/q\p31.jpg,q
images/q\p32.jpg,q
images/q\p33.jpg,q
images/q\p34.jpg,q
images/q\p35.jpg,q
images/q\p36.jpg,q
images/q\p37.jpg,q
images/q\p38.jpg,q
images/q\p39.jpg,q
images/q\p4.jpg,q
images/q\p40.jpg,q
images/q\p41.jpg,q
images/q\p42.jpg,q
images/q\p43.jpg,q
images/q\p44.jpg,q
images/q\p45.jpg,q
images/q\p46.jpg,q
images/q\p47.jpg,q
images/q\p48.jpg,q
images/q\p49.jpg,q
images/q\p5.jpg,q
images/q\p50.jpg,q
images/q\p51.jpg,q
images/q\p52.jpg,q
images/q\p53.jpg,q
images/q\p54.jpg,q
images/q\p55.jpg,q
images/q\p56.jpg,q
images/q\p57.jpg,q
images/q\p58.jpg,q
images/q\p59.jpg,q
images/q\p6.jpg,q
images/q\p60.jpg,q
images/q\p61.jpg,q
images/q\p62.jpg,q
images/q\p63.jpg,q
images/q\p64.jpg,q
images/q\p65.jpg,q
images/q\p66.jpg,q
images/q\p67.jpg,q
images/q\p68.jpg,q
images/q\p69.jpg,q
images/q\p7.jpg,q
images/q\p70.jpg,q
images/q\p71.jpg,q
images/q\p72.jpg,q
images/q\p73.jpg,q
images/q\p74.jpg,q
images/q\p75.jpg,q
images/q\p76.jpg,q
images/q\p77.jpg,q
images/q\p78.jpg,q
images/q\p79.jpg,q
images/q\p8.jpg,q
images/q\p80.jpg,q
images/q\p81.jpg,q
images/q\p9.jpg,q
images/r\q1.jpg,r
images/r\q10.jpg,r
images/r\q11.jpg,r
images/r\q12.jpg,r
images/r\q13.jpg,r
images/r\q14.jpg,r
images/r\q15.jpg,r
images/r\q16.jpg,r
images/r\q17.jpg,r
images/r\q18.jpg,r
images/r\q19.jpg,r
images/r\q2.jpg,r
images/r\q20.jpg,r
images/r\q21.jpg,r
images/r\q22.jpg,r
images/r\q23.jpg,r
images/r\q24.jpg,r
images/r\q25.jpg,r
images/r\q26.jpg,r
images/r\q27.jpg,r
images/r\q28.jpg,r
images/r\q29.jpg,r
images/r\q3.jpg,r
images/r\q30.jpg,r
images/r\q31.jpg,r
images/r\q32.jpg,r
images/r\q33.jpg,r
images/r\q34.jpg,r
images/r\q35.jpg,r
images/r\q36.jpg,r
images/r\q37.jpg,r
images/r\q38.jpg,r
images/r\q39.jpg,r
images/r\q4.jpg,r
images/r\q40.jpg,r
images/r\q41.jpg,r
images/r\q42.jpg,r
images/r\q43.jpg,r
images/r\q44.jpg,r
images/r\q45.jpg,r
images/r\q46.jpg,r
images/r\q47.jpg,r
images/r\q48.jpg,r
images/r\q49.jpg,r
images/r\q5.jpg,r
images/r\q50.jpg,r
images/r\q51.jpg,r
images/r\q52.jpg,r
images/r\q53.jpg,r
images/r\q54.jpg,r
images/r\q55.jpg,r
images/r\q56.jpg,r
images/r\q57.jpg,r
images/r\q58.jpg,r
images/r\q59.jpg,r
images/r\q6.jpg,r
images/r\q60.jpg,r
images/r\q61.jpg,r
images/r\q62.jpg,r
images/r\q63.jpg,r
images/r\q64.jpg,r
images/r\q65.jpg,r
images/r\q66.jpg,r
images/r\q67.jpg,r
images/r\q68.jpg,r
images/r\q69.jpg,r
images/r\q7.jpg,r
images/r\q70.jpg,r
images/r\q8.jpg,r
images/r\q9.jpg,r
images/s\r1.jpg,s
images/s\r10.jpg,s
images/s\r11.jpg,s
images/s\r12.jpg,s
images/s\r13.jpg,s
images/s\r14.jpg,s
images/s\r15.jpg,s
images/s\r16.jpg,s
images/s\r17.jpg,s
images/s\r18.jpg,s
images/s\r19.jpg,s
images/s\r2.jpg,s
images/s\r20.jpg,s
images/s\r21.jpg,s
images/s\r22.jpg,s
images/s\r23.jpg,s
images/s\r24.jpg,s
images/s\r25.jpg,s
images/s\r26.jpg,s
images/s\r27.jpg,s
images/s\r28.jpg,s
images/s\r29.jpg,s
images/s\r3.jpg,s
images/s\r30.jpg,s
images/s\r31.jpg,s
images/s\r32.jpg,s
images/s\r33.jpg,s
images/s\r34.jpg,s
images/s\r35.jpg,s
images/s\r36.jpg,s
images/s\r37.jpg,s
images/s\r38.jpg,s
images/s\r39.jpg,s
images/s\r4.jpg,s
images/s\r40.jpg,s
images/s\r41.jpg,s
images/s\r42.jpg,s
images/s\r43.jpg,s
images/s\r44.jpg,s
images/s\r45.jpg,s
images/s\r46.jpg,s
images/s\r47.jpg,s
images/s\r48.jpg,s
images/s\r49.jpg,s
images/s\r5.jpg,s
images/s\r50.jpg,s
images/s\r51.jpg,s
images/s\r52.jpg,s
images/s\r53.jpg,s
images/s\r54.jpg,s
images/s\r55.jpg,s
images/s\r56.jpg,s
images/s\r57.jpg,s
images/s\r58.jpg,s
images/s\r59.jpg,s
images/s\r6.jpg,s
images/s\r60.jpg,s
images/s\r61.jpg,s
images/s\r62.jpg,s
images/s\r63.jpg,s
images/s\r64.jpg,s
images/s\r65.jpg,s
images/s\r66.jpg,s
images/s\r67.jpg,s
images/s\r68.jpg,s
images/s\r69.jpg,s
images/s\r7.jpg,s
images/s\r70.jpg,s
images/s\r8.jpg,s
images/s\r9.jpg,s
images/t\s1.jpg,t
images/t\s10.jpg,t
images/t\s11.jpg,t
images/t\s12.jpg,t
images/t\s13.jpg,t
images/t\s14.jpg,t
images/t\s15.jpg,t
images/t\s16.jpg,t
images/t\s17.jpg,t
images/t\s18.jpg,t
images/t\s19.jpg,t
images/t\s2.jpg,t
images/t\s20.jpg,t
images/t\s21.jpg,t
images/t\s22.jpg,t
images/t\s23.jpg,t
images/t\s24.jpg,t
images/t\s25.jpg,t
images/t\s26.jpg,t
images/t\s27.jpg,t
images/t\s28.jpg,t
images/t\s29.jpg,t
images/t\s3.jpg,t
images/t\s30.jpg,t
images/t\s31.jpg,t
images/t\s32.jpg,t
images/t\s33.jpg,t
images/t\s34.jpg,t
images/t\s35.jpg,t
images/t\s36.jpg,t
images/t\s37.jpg,t
images/t\s38.jpg,t
images/t\s39.jpg,t
images/t\s4.jpg,t
images/t\s40.jpg,t
images/t\s41.jpg,t
images/t\s42.jpg,t
images/t\s43.jpg,t
images/t\s44.jpg,t
images/t\s45.jpg,t
images/t\s46.jpg,t
images/t\s47.jpg,t
images/t\s48.jpg,t
images/t\s49.jpg,t
images/t\s5.jpg,t
images/t\s50.jpg,t
images/t\s51.jpg,t
images/t\s52.jpg,t
images/t\s53.jpg,t
images/t\s54.jpg,t
images/t\s55.jpg,t
images/t\s56.jpg,t
images/t\s57.jpg,t
images/t\s58.jpg,t
images/t\s59.jpg,t
images/t\s6.jpg,t
images/t\s60.jpg,t
images/t\s61.jpg,t
images/t\s62.jpg,t
images/t\s63.jpg,t
images/t\s64.jpg,t
images/t\s65.jpg,t
images/t\s66.jpg,t
images/t\s67.jpg,t
images/t\s68.jpg,t
images/t\s69.jpg,t
images/t\s7.jpg,t
images/t\s70.jpg,t
images/t\s8.jpg,t
images/t\s9.jpg,t
images/u\t1.jpg,u
images/u\t10.jpg,u
images/u\t11.jpg,u
images/u\t12.jpg,u
images/u\t13.jpg,u
images/u\t14.jpg,u
images/u\t15.jpg,u
images/u\t16.jpg,u
images/u\t17.jpg,u
images/u\t18.jpg,u
images/u\t19.jpg,u
images/u\t2.jpg,u
images/u\t20.jpg,u
images/u\t21.jpg,u
images/u\t22.jpg,u
images/u\t23.jpg,u
images/u\t24.jpg,u
images/u\t25.jpg,u
images/u\t26.jpg,u
images/u\t27.jpg,u
images/u\t28.jpg,u
images/u\t29.jpg,u
images/u\t3.jpg,u
images/u\t30.jpg,u
images/u\t31.jpg,u
images/u\t32.jpg,u
images/u\t33.jpg,u
images/u\t34.jpg,u
images/u\t35.jpg,u
images/u\t36.jpg,u
images/u\t37.jpg,u
images/u\t38.jpg,u
images/u\t39.jpg,u
images/u\t4.jpg,u
images/u\t40.jpg,u
images/u\t41.jpg,u
images/u\t42.jpg,u
images/u\t43.jpg,u
images/u\t44.jpg,u
images/u\t45.jpg,u
images/u\t46.jpg,u
images/u\t47.jpg,u
images/u\t48.jpg,u
images/u\t49.jpg,u
images/u\t5.jpg,u
images/u\t50.jpg,u
images/u\t51.jpg,u
images/u\t52.jpg,u
images/u\t53.jpg,u
images/u\t54.jpg,u
images/u\t55.jpg,u
images/u\t56.jpg,u
images/u\t57.jpg,u
images/u\t58.jpg,u
images/u\t59.jpg,u
images/u\t6.jpg,u
images/u\t60.jpg,u
images/u\t61.jpg,u
images/u\t62.jpg,u
images/u\t63.jpg,u
images/u\t64.jpg,u
images/u\t65.jpg,u
images/u\t66.jpg,u
images/u\t67.jpg,u
images/u\t68.jpg,u
images/u\t69.jpg,u
images/u\t7.jpg,u
images/u\t70.jpg,u
images/u\t8.jpg,u
images/u\t9.jpg,u
images/v\u1.jpg,v
images/v\u10.jpg,v
images/v\u11.jpg,v
images/v\u12.jpg,v
images/v\u13.jpg,v
images/v\u14.jpg,v
images/v\u15.jpg,v
images/v\u16.jpg,v
images/v\u17.jpg,v
images/v\u18.jpg,v
images/v\u19.jpg,v
images/v\u2.jpg,v
images/v\u20.jpg,v
images/v\u21.jpg,v
images/v\u22.jpg,v
images/v\u23.jpg,v
images/v\u24.jpg,v
images/v\u25.jpg,v
images/v\u26.jpg,v
images/v\u27.jpg,v
images/v\u28.jpg,v
images/v\u29.jpg,v
images/v\u3.jpg,v
images/v\u30.jpg,v
images/v\u31.jpg,v
images/v\u32.jpg,v
images/v\u33.jpg,v
images/v\u34.jpg,v
images/v\u35.jpg,v
images/v\u36.jpg,v
images/v\u37.jpg,v
images/v\u38.jpg,v
images/v\u39.jpg,v
images/v\u4.jpg,v
images/v\u40.jpg,v
images/v\u41.jpg,v
images/v\u42.jpg,v
images/v\u43.jpg,v
images/v\u44.jpg,v
images/v\u45.jpg,v
images/v\u46.jpg,v
images/v\u47.jpg,v
images/v\u48.jpg,v
images/v\u49.jpg,v
images/v\u5.jpg,v
images/v\u50.jpg,v
images/v\u51.jpg,v
images/v\u52.jpg,v
images/v\u53.jpg,v
images/v\u54.jpg,v
images/v\u55.jpg,v
images/v\u56.jpg,v
images/v\u57.jpg,v
images/v\u58.jpg,v
images/v\u59.jpg,v
images/v\u6.jpg,v
images/v\u60.jpg,v
images/v\u61.jpg,v
images/v\u62.jpg,v
images/v\u63.jpg,v
images/v\u64.jpg,v
images/v\u65.jpg,v
images/v\u66.jpg,v
images/v\u67.jpg,v
images/v\u68.jpg,v
images/v\u69.jpg,v
images/v\u7.jpg,v
images/v\u70.jpg,v
images/v\u8.jpg,v
images/v\u9.jpg,v
images/w\v1.jpg,w
images/w\v10.jpg,w
images/w\v11.jpg,w
images/w\v12.jpg,w
images/w\v13.jpg,w
images/w\v14.jpg,w
images/w\v15.jpg,w
images/w\v16.jpg,w
images/w\v17.jpg,w
images/w\v18.jpg,w
images/w\v19.jpg,w
images/w\v2.jpg,w
images/w\v20.jpg,w
images/w\v21.jpg,w
images/w\v22.jpg,w
images/w\v23.jpg,w
images/w\v24.jpg,w
images/w\v25.jpg,w
images/w\v26.jpg,w
images/w\v27.jpg,w
images/w\v28.jpg,w
images/w\v29.jpg,w
images/w\v3.jpg,w
images/w\v30.jpg,w
images/w\v31.jpg,w
images/w\v32.jpg,w
images/w\v33.jpg,w
images/w\v34.jpg,w
images/w\v35.jpg,w
images/w\v36.jpg,w
images/w\v37.jpg,w
images/w\v38.jpg,w
images/w\v39.jpg,w
images/w\v4.jpg,w
images/w\v40.jpg,w
images/w\v41.jpg,w
images/w\v42.jpg,w
images/w\v43.jpg,w
images/w\v44.jpg,w
images/w\v45.jpg,w
images/w\v46.jpg,w
images/w\v47.jpg,w
images/w\v48.jpg,w
images/w\v49.jpg,w
images/w\v5.jpg,w
images/w\v50.jpg,w
images/w\v51.jpg,w
images/w\v52.jpg,w
images/w\v53.jpg,w
images/w\v54.jpg,w
images/w\v55.jpg,w
images/w\v56.jpg,w
images/w\v57.jpg,w
images/w\v58.jpg,w
images/w\v59.jpg,w
images/w\v6.jpg,w
images/w\v60.jpg,w
images/w\v61.jpg,w
images/w\v62.jpg,w
images/w\v63.jpg,w
images/w\v64.jpg,w
images/w\v65.jpg,w
images/w\v66.jpg,w
images/w\v67.jpg,w
images/w\v68.jpg,w
images/w\v69.jpg,w
images/w\v7.jpg,w
images/w\v70.jpg,w
images/w\v8.jpg,w
images/w\v9.jpg,w
images/x\w1.jpg,x
images/x\w10.jpg,x
images/x\w11.jpg,x
images/x\w12.jpg,x
images/x\w13.jpg,x
images/x\w14.jpg,x
images/x\w15.jpg,x
images/x\w16.jpg,x
images/x\w17.jpg,x
images/x\w18.jpg,x
images/x\w19.jpg,x
images/x\w2.jpg,x
images/x\w20.jpg,x
images/x\w21.jpg,x
images/x\w22.jpg,x
images/x\w23.jpg,x
images/x\w24.jpg,x
images/x\w25.jpg,x
images/x\w26.jpg,x
images/x\w27.jpg,x
images/x\w28.jpg,x
images/x\w29.jpg,x
images/x\w3.jpg,x
images/x\w30.jpg,x
images/x\w31.jpg,x
images/x\w32.jpg,x
images/x\w33.jpg,x
images/x\w34.jpg,x
images/x\w35.jpg,x
images/x\w36.jpg,x
images/x\w37.jpg,x
images/x\w38.jpg,x
images/x\w39.jpg,x
images/x\w4.jpg,x
images/x\w40.jpg,x
images/x\w41.jpg,x
images/x\w42.jpg,x
images/x\w43.jpg,x
images/x\w44.jpg,x
images/x\w45.jpg,x
images/x\w46.jpg,x
images/x\w47.jpg,x
images/x\w48.jpg,x
images/x\w49.jpg,x
images/x\w5.jpg,x
images/x\w50.jpg,x
images/x\w51.jpg,x
images/x\w52.jpg,x
images/x\w53.jpg,x
images/x\w54.jpg,x
images/x\w55.jpg,x
images/x\w56.jpg,x
images/x\w57.jpg,x
images/x\w58.jpg,x
images/x\w59.jpg,x
images/x\w6.jpg,x
images/x\w60.jpg,x
images/x\w61.jpg,x
images/x\w62.jpg,x
images/x\w63.jpg,x
images/x\w64.jpg,x
images/x\w65.jpg,x
images/x\w66.jpg,x
images/x\w67.jpg,x
images/x\w68.jpg,x
images/x\w69.jpg,x
images/x\w7.jpg,x
images/x\w70.jpg,x
images/x\w8.jpg,x
images/x\w9.jpg,x
images/y\x1.jpg,y
images/y\x10.jpg,y
images/y\x11.jpg,y
images/y\x12.jpg,y
images/y\x13.jpg,y
images/y\x14.jpg,y
images/y\x15.jpg,y
images/y\x16.jpg,y
images/y\x17.jpg,y
images/y\x18.jpg,y
images/y\x19.jpg,y
images/y\x2.jpg,y
images/y\x20.jpg,y
images/y\x21.jpg,y
images/y\x22.jpg,y
images/y\x23.jpg,y
images/y\x24.jpg,y
images/y\x25.jpg,y
images/y\x26.jpg,y
images/y\x27.jpg,y
images/y\x28.jpg,y
images/y\x29.jpg,y
images/y\x3.jpg,y
images/y\x30.jpg,y
images/y\x31.jpg,y
images/y\x32.jpg,y
images/y\x33.jpg,y
images/y\x34.jpg,y
images/y\x35.jpg,y
images/y\x36.jpg,y
images/y\x37.jpg,y
images/y\x38.jpg,y
images/y\x39.jpg,y
images/y\x4.jpg,y
images/y\x40.jpg,y
images/y\x41.jpg,y
images/y\x42.jpg,y
images/y\x43.jpg,y
images/y\x44.jpg,y
images/y\x45.jpg,y
images/y\x46.jpg,y
images/y\x47.jpg,y
images/y\x48.jpg,y
images/y\x49.jpg,y
images/y\x5.jpg,y
images/y\x50.jpg,y
images/y\x51.jpg,y
images/y\x52.jpg,y
images/y\x53.jpg,y
images/y\x54.jpg,y
images/y\x55.jpg,y
images/y\x56.jpg,y
images/y\x57.jpg,y
images/y\x58.jpg,y
images/y\x59.jpg,y
images/y\x6.jpg,y
images/y\x60.jpg,y
images/y\x61.jpg,y
images/y\x62.jpg,y
images/y\x63.jpg,y
images/y\x64.jpg,y
images/y\x65.jpg,y
images/y\x66.jpg,y
images/y\x67.jpg,y
images/y\x68.jpg,y
images/y\x69.jpg,y
images/y\x7.jpg,y
images/y\x70.jpg,y
images/y\x8.jpg,y
images/y\x9.jpg,y
